Goi&aacute;s | Todos os Munic&iacute;pios
Munic&iacute;pio [-],C&oacute;digo [-],Gent&iacute;lico [-],Prefeito [2017],&Aacute;rea Territorial - km&sup2; [2019],Popula&ccedil;&atilde;o estimada - pessoas [2019],Densidade demogr&aacute;fica - hab/km&sup2; [2010],Escolariza&ccedil;&atilde;o &lt;span&gt;6 a 14 anos&lt;/span&gt; - % [2010],IDHM &lt;span&gt;&Iacute;ndice de desenvolvimento humano municipal&lt;/span&gt; [2010],Mortalidade infantil - &oacute;bitos por mil nascidos vivos [2017],Receitas realizadas - R$ (&times;1000) [2017],Despesas empenhadas - R$ (&times;1000) [2017],PIB per capita - R$ [2017],
Abadia de Goi&aacute;s,5200050,abadiense,ROMES GOMES E SILVA,147.256,8773,46.85,97.2,0.708,20.41,35644.53804,30190.8877,28506.69,
Abadi&acirc;nia,5200100,abadianense,JOSE APARECIDO ALVES DINIZ,1045.127,20042,15.08,94.3,0.689,19.61,45743.81048,40518.07995,16157.24,
Acre&uacute;na,5200134,acreunense,EDMAR OLIVEIRA ALVES NETO,1565.997,22366,12.95,97.1,0.686,14.76,69963.05917,64395.62778,30454.31,
Adel&acirc;ndia,5200159,adelandense,JOAQUIM DOS REIS PEREIRA,115.353,2516,21.47,100,0.702,27.78,12780.34678,11340.786,14123.19,
&Aacute;gua Fria de Goi&aacute;s,5200175,&aacute;gua-friense,JOS&Eacute; EDUARDO OLIVEIRA NETO,2029.416,5735,2.51,97.4,0.671,18.18,18592.62308,17048.44293,38994.18,
&Aacute;gua Limpa,5200209,&aacute;gua-limpense,VALDIR INACIO DO PRADO,452.858,1850,4.45,97.4,0.722,45.45,15934.6702,13860.20279,22564.81,
&Aacute;guas Lindas de Goi&aacute;s,5200258,&aacute;guas lindense,OSMARILDO ALVES DE SOUSA,192.392,212440,846.02,96.6,0.686,12.46,318867.71233,261959.13942,9108.33,
Alex&acirc;nia,5200308,alexaniense,ALLYSSON SILVA LIMA,847.893,27653,28.09,97,0.682,11.44,73422.68484,67957.2004,29187.12,
Alo&acirc;ndia,5200506,aloandense,SINOMAR JOSE DO CARMO,102.160,1995,20.08,98.1,0.697,-,13201.27554,10952.0547,18885.92,
Alto Horizonte,5200555,alto horizontino,LUIZ BORGES DA CRUZ,503.764,6414,8.94,97,0.719,20.83,69116.92295,54918.72124,119626.35,
Alto Para&iacute;so de Goi&aacute;s,5200605,alto-paraisense,MARTINHO MENDES DA SILVA,2593.904,7624,2.65,98,0.713,6.90,28163.12745,24889.05869,22025.32,
Alvorada do Norte,5200803,alvoradense,IOLANDA HOLICENI MOREIRA DOS SANTOS,1259.366,8660,6.42,98,0.660,22.06,29941.35374,25461.49669,13768.81,
Amaralina,5200829,amaralinense,VANDEILSON GON&Ccedil;ALVES LIMA,1343.237,3812,2.56,92.2,0.609,95.24,16252.58399,14383.88094,15707.04,
Americano do Brasil,5200852,americanense-do-Brasil,MARIA SUELI DA SILVA ROSA QUEIROZ,133.563,6111,41.24,97.4,0.700,35.71,14738.77499,13424.40813,10620.35,
Amorin&oacute;polis,5200902,amorinopolense,SILVIO ISAC DE SOUZA,408.525,3126,8.83,98.4,0.681,66.67,13814.4434,12717.50524,17195.68,
An&aacute;polis,5201108,anapolino,ROBERTO NAVES E SIQUEIRA,934.146,386923,358.58,96.3,0.737,12.42,1023805.91977,1030856.11056,37863.85,
Anhanguera,5201207,anhanguerino,FRANCISCO DA SILVA,55.839,1149,17.91,100,0.725,76.92,12037.81074,11096.04417,15278.41,
Anicuns,5201306,anicuense,JOSE JORGE DE SOUZA,975.331,21850,20.67,98.4,0.714,10.20,73589.95641,50672.12445,17725.31,
Aparecida de Goi&acirc;nia,5201405,aparecidense,GUSTAVO MENDANHA MELO,278.539,578179,1580.27,95.3,0.718,15.45,1074025.74531,903381.9826,23765.14,
Aparecida do Rio Doce,5201454,riodocense,FRANCISCA ABADIA DE RESENDE,602.133,2474,4.03,93.3,0.693,51.28,19127.66933,18960.881,34969.63,
Apor&eacute;,5201504,aporeano,RENATO SIROTTO CARVALHO,2900.053,4198,1.31,99.1,0.693,61.54,30816.71296,27852.47774,74996.88,
Ara&ccedil;u,5201603,ara&ccedil;uense,JOELTON BERNARDO DA COSTA,149.371,3522,25.53,99,0.693,17.54,14893.57757,12680.21201,13279.60,
Aragar&ccedil;as,5201702,aragarcense,JOS&Eacute; ELIAS FERNANDES,664.530,20118,27.61,98.3,0.732,16.46,37360.04907,32630.07277,11915.62,
Aragoi&acirc;nia,5201801,aragoianense,NAUGINEL ANTUNES DO PRADO,218.661,10308,38.10,98,0.684,7.87,26718.64341,24529.41229,10799.32,
Araguapaz,5202155,araguapaense,MARCIA BERNARDINO DE SOUZA REZENDE,2193.700,7770,3.42,97.8,0.674,21.74,21196.22081,19087.9606,15169.14,
Aren&oacute;polis,5202353,arenopolino,FL&Aacute;VIO J&Uacute;NIOR VILELA,1074.595,2612,3.05,100,0.687,25.64,15422.35179,13911.34783,42371.04,
Aruan&atilde;,5202502,aruanense,HERMANO DE CARVALHO,3055.292,9875,2.46,97.5,0.675,25.00,30834.56862,25799.19592,22868.59,
Auril&acirc;ndia,5202601,aurilandense,RUBENS BATISTA DE QUEIROZ,564.836,3120,6.46,97.5,0.700,27.03,15499.30472,13954.3068,16804.42,
Avelin&oacute;polis,5202809,avelinopense,FABIO ALVES NETO,168.748,2417,14.11,97.9,0.660,55.56,13912.11202,11808.83597,18904.68,
Baliza,5203104,balizense,FERNANDA NOLASCO VANDERLEY,1784.844,5138,2.08,98.6,0.655,32.26,17210.45043,14545.0844,14978.31,
Barro Alto,5203203,barro-altense,ANTONIO LUCIANO BATISTA DE LUCENA,1093.248,11167,7.97,99,0.742,14.18,72452.18,59240.08559,78477.29,
Bela Vista de Goi&aacute;s,5203302,bela-vistense,NARCIA KELLY ALVES DA SILVA,1275.849,29975,19.56,98.3,0.716,19.52,86393.60111,70653.03762,33476.26,
Bom Jardim de Goi&aacute;s,5203401,bom-jardinense,ODAIR SIVIRINO LEONEL,1899.506,8841,4.43,98.1,0.670,30.30,22709.94019,20149.34253,17323.89,
Bom Jesus de Goi&aacute;s,5203500,bom-jesuense,DANIEL VIEIRA RAMOS,1405.028,25216,14.75,98.4,0.701,28.33,73377.5673,64617.64484,33368.60,
Bonfin&oacute;polis,5203559,bonfinopolino,KELTON PINHEIRO,123.427,9706,61.62,98.8,0.683,17.70,24536.91,17835.3908,9736.60,
Bon&oacute;polis,5203575,bonopolino,CRISTINA BEATRIZ RODRIGUES DE OLIVEIRA M,1628.486,4405,2.15,98.1,0.630,27.03,17951.60413,14709.24839,23198.53,
Brazabrantes,5203609,brazabrantino,MARCIO ANTONIO MACHADO,123.072,3703,26.26,99.2,0.701,36.36,14759.27793,13235.59474,28975.90,
Brit&acirc;nia,5203807,britaniense,MARCONNI PIMENTA DA SILVA,1463.006,5779,3.77,97.6,0.672,11.49,19559.58609,19161.63681,18978.81,
Buriti Alegre,5203906,buriti-alegrense,ANDR&Eacute; DE SOUSA CHAVES,895.456,9459,10.11,96.9,0.710,27.40,32074.18418,28123.91955,33478.86,
Buriti de Goi&aacute;s,5203939,buritiense,EDMAR BORGES DE LIMA,200.418,2488,12.85,99.4,0.687,40.00,17388.40977,13327.08416,14851.15,
Buritin&oacute;polis,5203962,buritinopolense,ANA PAULA SOARES DOURADO,247.047,3292,13.44,98.7,0.704,25.00,15817.31403,14512.07849,23523.15,
Cabeceiras,5204003,cabeceirense,EVERTON FRANCISCO DE MATOS,1126.912,7993,6.52,96.4,0.668,20.00,20845.41385,19154.69182,26472.38,
Cachoeira Alta,5204102,cachoeira-altense,KELSON SOUZA VILARINHO,1654.554,12484,6.38,98,0.710,14.29,35319.35061,33587.46256,20102.87,
Cachoeira de Goi&aacute;s,5204201,cachoeirense,GERALDO ANTONIO NETO,422.751,1351,3.35,100,0.727,100.00,12269.89874,10414.87852,17945.64,
Cachoeira Dourada,5204250,cachoeirense-do-sul,NATALIA CAMARDELLI CAJAZEIRA PRATES,528.206,8067,15.84,98.8,0.698,10.53,54504.40839,48741.06561,107838.74,
Ca&ccedil;u,5204300,ca&ccedil;uense,ANA CL&Aacute;UDIA LEMOS OLIVEIRA,2251.016,16009,5.90,98.7,0.730,17.75,64607.71671,57664.49092,55199.31,
Caiap&ocirc;nia,5204409,caiaponiense,CAIO DE SOUSA PEREIRA LIMA,8635.129,18913,1.94,97.2,0.693,9.39,53434.25777,45430.20004,33657.19,
Caldas Novas,5204508,calda-novense,EVANDO MAGAL ABADIA CORREIA SILVA,1608.439,91162,44.16,97.3,0.733,12.44,256050.46736,246501.15303,27523.26,
Caldazinha,5204557,caldazinhense,EDIMON BORGES DE OLIVEIRA,249.691,3804,13.25,93.3,0.685,23.26,14178.97745,12820.47688,12820.44,
Campestre de Goi&aacute;s,5204607,campestrino,FABIANO QUEIROZ CAPUZZO,273.815,3630,12.37,97.7,0.653,29.41,14697.20967,12279.7235,14863.56,
Campina&ccedil;u,5204656,campina&ccedil;uense,MILSON ALVES MAGALHAES,1974.375,3640,1.85,93.5,0.631,52.63,17305.12283,8753.94581,13880.13,
Campinorte,5204706,campinortense,FRANCISCO CORREA SOBRINHO,1067.191,12626,10.41,99.1,0.688,13.51,28027.39206,24272.58721,18044.06,
Campo Alegre de Goi&aacute;s,5204805,campo-alegrense,JOS&Eacute; ANT&Ocirc;NIO NETO SIQUEIRA,2462.993,7589,2.46,98.7,0.694,28.17,37518.14102,30796.18678,52685.29,
Campo Limpo de Goi&aacute;s,5204854,campolimpense,ARIVART ALVES DE SOUSA,159.557,7789,39.11,97.2,0.661,6.94,18983.79408,17099.15657,12672.52,
Campos Belos,5204904,campo-belense,CARLOS EDUARDO PEREIRA TERRA,732.481,19887,25.43,99.4,0.692,18.13,49292.31221,44316.77979,13220.69,
Campos Verdes,5204953,campo-verdense,HAROLDO NAVES SOARES,441.645,2141,11.37,97,0.654,16.67,18443.69178,14146.70935,13030.96,
Carmo do Rio Verde,5205000,carmo-rio-verdino,DELSON JOS&Eacute;  SANTOS,418.544,10082,21.33,99.4,0.713,32.00,33632.666,23301.82311,22914.55,
Castel&acirc;ndia,5205059,castelandense,MARCOS ANT&Ocirc;NIO CARLOS,297.977,3435,12.23,92.8,0.701,29.41,17336.40638,14480.07305,26897.30,
Catal&atilde;o,5205109,catalano,ADIB ELIAS JUNIOR,3817.927,108823,22.67,97.1,0.766,9.47,410029.29072,322085.26293,60853.88,
Catura&iacute;,5205208,caturaiense,DIVINA APARECIDA ZAGO SOUSA,205.078,5070,22.61,98,0.664,16.39,17190.8491,14552.93691,12672.50,
Cavalcante,5205307,cavalcantense,JOSEMAR SARAIVA FREIRE,6953.666,9709,1.35,92.9,0.584,21.43,27958.72907,28408.7381,24807.00,
Ceres,5205406,ceresino,RAFAELL DIAS MELO,214.322,22191,96.69,99.3,0.775,3.39,88715.9101,79890.4842,23981.17,
Cezarina,5205455,cezarinense,ARTUR FRANCO DE ALMEIDA FILHO,415.811,8606,18.15,97.8,0.711,9.35,31692.18771,28972.8547,30743.01,
Chapad&atilde;o do C&eacute;u,5205471,chapadense,ROGERIO PIANEZZOLA,2185.124,10167,3.20,93.3,0.742,20.30,77308.95618,64106.70635,109246.29,
Cidade Ocidental,5205497,ocidentalense,F&Aacute;BIO CORREA DE OLIVEIRA,390.959,71376,143.38,97.2,0.717,4.55,133844.75402,116762.11328,11117.88,
Cocalzinho de Goi&aacute;s,5205513,cocalzinhense,ALAIR GON&Ccedil;ALVES RIBEIRO,1789.039,20240,9.73,95.2,0.657,18.69,55933.25739,48610.34294,15380.15,
Colinas do Sul,5205521,colinense,NILO ADRIANO ALMEIDA PASSOS,1708.188,3382,2.06,95.2,0.658,20.41,18726.79448,17131.5278,13157.61,
C&oacute;rrego do Ouro,5205703,corregorino,MURILO CESAR DA SILVA,455.976,2327,5.69,97.2,0.686,75.00,15095.79596,12939.17589,18237.93,
Corumb&aacute; de Goi&aacute;s,5205802,corumbaense,CELIO FLEURY,1061.955,11110,9.76,96.6,0.680,11.36,30837.58,26925.20475,14238.76,
Corumba&iacute;ba,5205901,corumbaibense,WISNER ARA&Uacute;JO DE ALMEIDA,1882.252,9723,4.34,95.5,0.698,10.20,45987.99031,39302.60273,62959.87,
Cristalina,5206206,cristalinense,DANIEL SABINO VAZ,6163.806,58997,7.56,95.6,0.699,7.70,65346.57405,156584.74526,41443.33,
Cristian&oacute;polis,5206305,cristianopolino,JAIRO GOMES PEREIRA  JUNIOR,225.359,2966,13.01,98.7,0.688,35.09,19141.94866,16994.52278,23799.40,
Crix&aacute;s,5206404,crixasense,PLINIO LUIS NUNES DE PAIVA,4661.171,16949,3.38,96.7,0.708,16.46,55896.73683,50983.71525,26456.32,
Crom&iacute;nia,5206503,crominiense,GILVANDER ALVES PEREIRA,364.105,3486,9.76,95.7,0.706,27.78,12953.37578,12904.64081,19261.30,
Cumari,5206602,cumarino,JOAO BATISTA DAVI RIOS,571.640,2854,5.20,99.7,0.737,38.46,16794.7588,13610.99525,20133.01,
Damian&oacute;polis,5206701,damianopolino,GILMAR JOSE FERREIRA,415.738,3311,7.93,100,0.654,47.62,15079.66361,12300.97625,9413.94,
Damol&acirc;ndia,5206800,damolandense,AMERICO OS&Oacute;RIO DOS SANTOS E SILVA,84.495,2938,32.51,98.6,0.697,32.26,13522.52083,12519.44335,13325.20,
Davin&oacute;polis,5206909,davinopolino,DIOGO ROSA NUNES,481.296,2094,4.27,98.5,0.716,90.91,20059.2868,18659.2507,179611.79,
Diorama,5207105,dioramense,VALERIA FERREIRA DOS SANTOS,687.348,2484,3.61,100,0.729,47.62,14488.63873,11601.75121,19636.56,
Doverl&acirc;ndia,5207253,doverlandense,ZILDA DE REZENDE ARAUJO MACHADO,3221.752,7322,2.45,96.4,0.668,15.15,29417.36089,22810.54514,26696.56,
Edealina,5207352,edealinense,WINICIUS ARANTES DE MIRANDA,603.654,3699,6.18,98.6,0.702,102.04,19387.72023,17933.86254,70265.36,
Ed&eacute;ia,5207402,edeiense,ELSON TAVARES DE FREITAS,1461.503,12372,7.71,98.2,0.739,13.42,47367.91154,41146.82175,59115.96,
Estrela do Norte,5207501,estrela-nortense,WAGNEY SILVESTRE COSTA,301.642,3275,11.01,97.8,0.707,22.22,15725.02562,13464.3501,14589.44,
Faina,5207535,fainense,TIAGO LOBO FAVORETTO PEREIRA DE SOUZA,1945.658,6627,3.59,97.9,0.650,12.66,24521.30501,22397.52349,15594.61,
Fazenda Nova,5207600,fazenda-novense,AFRANIO FERREIRA FILHO,1274.318,5637,4.93,88.5,0.685,20.41,19886.36,14265.19201,16164.06,
Firmin&oacute;polis,5207808,firminopolense,JORGE JOSE DE SOUZA,423.649,13292,27.33,98.1,0.732,20.20,28721.43284,26208.4864,12888.76,
Flores de Goi&aacute;s,5207907,florense,JADIEL FERREIRA DE OLIVEIRA,3709.427,16557,3.25,96.6,0.597,26.09,29754.69676,27558.6547,9092.34,
Formosa,5208004,formosense,ERNESTO GUIMARAES ROLLER,5813.637,121617,17.22,96.6,0.744,5.45,239603.64852,224544.38103,19918.60,
Formoso,5208103,formosense,ALESSANDRA SOUZA CARVALHO ROSA,844.289,4248,5.78,96.8,0.715,18.52,16231.89559,14909.45459,14082.62,
Gameleira de Goi&aacute;s,5208152,gameleirense,WILSON TAVARES DE SOUSA JUNIOR,588.580,3818,5.53,99.5,0.659,29.41,19577.55008,17779.29159,36419.36,
Divin&oacute;polis de Goi&aacute;s,5208301,divinopolino,CHARLEY RODRIGUES TOLENTINO,830.971,4804,5.97,97.1,0.653,11.49,19354.36801,17513.18609,12108.11,
Goian&aacute;polis,5208400,goianapolino,FRANCISCO DE MORAES,169.013,11231,65.84,96.4,0.703,9.66,31393.54105,27021.06969,15799.51,
Goiandira,5208509,goiandirense,ODEMIR MOREIRA DE MELO,568.790,5600,9.32,98.6,0.760,18.18,18642.80701,16014.21956,20865.58,
Goian&eacute;sia,5208608,goianesiense,RENATO MENEZES DE CASTRO,1547.274,70084,38.49,98,0.727,12.75,171698.5432,147809.69826,19655.61,
Goi&acirc;nia,5208707,goianiense,IRIS REZENDE MACHADO,728.841,1516113,1776.74,96.4,0.799,11.25,4526869.6741,4184020.44767,33437.67,
Goianira,5208806,goianirense,CARLOS ALBERTO ANDRADE OLIVEIRA,212.552,44289,162.94,97.6,0.694,9.89,106182.23149,82193.98103,21717.10,
Goi&aacute;s,5208905,goiano,SELMA DE OLIVEIRA BASTOS PIRES,3108.020,22645,7.96,98.2,0.709,21.43,77228.05746,74785.93658,18838.99,
Goiatuba,5209101,goiatubense,JOSE ALVES VIEIRA,2470.347,34095,13.13,96.9,0.725,6.96,150671.27313,130599.00491,44854.75,
Gouvel&acirc;ndia,5209150,gouvelandense,EURIPEDES MOREIRA DA SILVA,824.748,5898,6.00,98.8,0.674,62.50,30644.74836,22819.19962,32955.23,
Guap&oacute;,5209200,guapoense,COLEMAR CARDOSO DE QUEIROZ,517.255,14209,27.04,96.8,0.697,4.76,38273.867,40711.6985,13662.47,
Guara&iacute;ta,5209291,guaraitense,ADNA FERREIRA DE ALMEIDA MARTINS,205.307,1996,11.57,98.4,0.687,105.26,12155.34631,10398.00374,14604.86,
Guarani de Goi&aacute;s,5209408,guaraniense,VOLNEI JOS&Eacute; MOMOLI,1226.849,3893,3.46,97.2,0.637,32.26,18417.27741,17398.25688,12530.46,
Guarinos,5209457,guarinense,ANA MARIA FERREIRA,595.866,1794,3.86,98.1,0.652,31.25,13924.71382,11960.14686,26419.69,
Heitora&iacute;,5209606,heitoraiense,LUCIO PIRES DOS SANTOS,229.638,3724,15.55,97,0.694,27.78,14783.8111,11679.54525,13736.19,
Hidrol&acirc;ndia,5209705,hidrolandense,PAULO SERGIO DE REZENDE,953.729,21706,18.43,97.1,0.706,20.00,59502.79396,57460.5614,54740.64,
Hidrolina,5209804,hidrolinense,OSVALDO MOREIRA VAZ,580.391,3564,6.94,98,0.677,25.64,13118.09258,13127.4502,15294.83,
Iaciara,5209903,iaciarense,HAICER SEBASTI&Atilde;O PEREIRA LIMA,1550.376,13947,8.02,97.2,0.644,12.58,32962.14266,26750.78317,11613.28,
Inaciol&acirc;ndia,5209937,inaciolandense,FRANCISCO ANTONIO CASTILHO,691.794,6194,8.28,98.4,0.692,14.71,27163.03911,23807.3364,37172.89,
Indiara,5209952,indiarense,DIVINO MARQUES DE SOUSA,956.475,15611,14.31,96.8,0.701,17.17,44431.29215,34023.42316,20876.20,
Inhumas,5210000,inhumense,ABELARDO VAZ FILHO,615.278,52866,78.68,98.4,0.720,13.25,123032.84311,97442.35522,21385.65,
Ipameri,5210109,ipamerino,DANIELA VAZ CARNEIRO,4368.991,26985,5.66,97.4,0.701,17.19,88405.28314,85312.85419,50745.18,
Ipiranga de Goi&aacute;s,5210158,ipiranguense,ALEX DE QUEIROZ,241.289,2893,11.79,98.1,0.696,64.52,12960.44354,11100.25689,17015.34,
Ipor&aacute;,5210208,iporaense,NA&Ccedil;OITAN ARAUJO LEITE,1026.384,31531,30.47,98.4,0.743,9.01,81701.74969,70046.25826,20375.83,
Israel&acirc;ndia,5210307,israelandense,MIRI&Atilde; PIRES BARBOSA DE SOUZA DANTAS,577.482,2800,5.00,99.5,0.711,40.00,15356.87077,11803.61358,16591.18,
Itabera&iacute;,5210406,itaberino,CARLOS ROBERTO DA SILVA,1457.280,42900,24.27,97.5,0.719,5.10,95265.67448,91442.0514,30922.05,
Itaguari,5210562,itaguarino,ADELINO SOUZA AQUINO,146.638,4676,30.78,98.4,0.693,16.95,17887.56348,15296.08343,13873.75,
Itaguaru,5210604,itaguaruense,EURIPEDES POTENCIANO DA SILVA,239.677,5237,22.68,99,0.718,44.44,18845.27714,16786.8057,13544.30,
Itaj&aacute;,5210802,itajaense,RENIS CESAR DE OLIVEIRA,2091.397,4539,2.42,98,0.691,25.64,26147.12309,22936.94444,21391.80,
Itapaci,5210901,itapacino,MARIO JOS&Eacute; SALLES,956.125,22981,19.31,97.5,0.725,7.60,42761.85143,42467.91933,15270.43,
Itapirapu&atilde;,5211008,itapirapuano,ZELIA CAMELO DE OLIVEIRA,2043.715,4997,3.83,98.1,0.677,8.40,23073.97988,20180.47606,23898.04,
Itapuranga,5211206,itapuranguense,DAVES SOARES DA SILVA,1276.479,25768,20.47,99.2,0.726,8.88,59867.44878,54411.32853,15419.78,
Itarum&atilde;,5211305,itarumaense,RICARDO FRANCISCO GOULART,3433.626,7178,1.83,95.2,0.693,25.00,32994.4025,28295.25052,34909.84,
Itau&ccedil;u,5211404,itau&ccedil;uense,MOACIR DIAS BARBOSA,383.842,8938,22.34,95.7,0.718,13.89,21447.13758,21611.12658,15695.99,
Itumbiara,5211503,itumbiarense,JOS&Eacute; ANT&Ocirc;NIO DA SILVA NETTO,2453.841,104742,37.71,97.9,0.752,11.02,332703.54196,300167.31422,40430.00,
Ivol&acirc;ndia,5211602,ivolandense,F&Aacute;BIO SEABRA GUIMAR&Atilde;ES,1257.663,2370,2.12,97.1,0.704,40.00,19013.40449,16927.87914,38247.16,
Jandaia,5211701,jandaiense,MILENA PEREIRA LOPES MOURA,864.106,6048,7.13,99.6,0.707,13.51,27468.61998,25038.63324,36041.06,
Jaragu&aacute;,5211800,jaraguense,ZILOMAR ANTONIO DE OLIVEIRA,1849.552,50511,22.64,96.4,0.699,13.77,92663.88433,83928.67936,14330.91,
Jata&iacute;,5211909,jataiense,VIN&Iacute;CIUS DE CEC&Iacute;LIO LUZ,7174.219,100882,12.27,97.5,0.757,15.33,334242.82348,308398.15369,45964.21,
Jaupaci,5212006,jaupacino,LAERTE DOURADO DOS SANTOS,527.103,2879,5.69,100,0.689,29.41,13593.95044,12233.68652,16483.68,
Jes&uacute;polis,5212055,jesupolino,WYGNERLEY JUSTINO DE MORAIS,122.475,2490,18.78,92.5,0.649,45.45,13379.50491,11498.98814,11268.74,
Jovi&acirc;nia,5212105,jovianiense,MAX PEREIRA BARBOSA,445.487,7387,15.98,96.8,0.706,12.05,27465.97663,25528.782,29298.93,
Jussara,5212204,jussariano,WILSON DA SILVA SANTOS,4085.363,18478,4.69,97.6,0.743,7.27,57416.19027,54289.35631,22889.46,
Lagoa Santa,5212253,lagoense,ADIVAIR GON&Ccedil;ALVES DE MACEDO,458.868,1588,2.73,98.5,0.740,52.63,13979.98659,12487.63462,26237.57,
Leopoldo de Bulh&otilde;es,5212303,leopoldense,JOAO ALECIO MENDES,472.650,7647,16.39,97.3,0.659,21.05,22748.26295,21482.21373,26440.08,
Luzi&acirc;nia,5212501,luzianiense,CRISTOVAO VAZ TORMIN,3961.100,208299,44.06,97,0.701,10.63,386450.51248,369433.08543,16989.45,
Mairipotaba,5212600,mairipotabense,CARLOS HENRIQUE RODRIGUES PEREIRA,467.428,2368,5.08,99.3,0.745,80.00,24132.64455,23362.17515,19605.20,
Mamba&iacute;,5212709,mambaiense,JOAQUIM BARBOSA FILHO,854.219,8882,7.80,96.4,0.626,16.26,21282.96208,17608.23416,9342.16,
Mara Rosa,5212808,mara-rosense,FLAVIO BATISTA DE SOUSA,1687.842,9503,6.31,98.3,0.691,16.00,24132.64455,23362.17515,19305.25,
Marzag&atilde;o,5212907,marzagonense,CLAUDINEI RABELO DA SILVA,222.428,2236,9.32,98.8,0.699,26.32,13350.46489,10258.26859,19598.50,
Matrinch&atilde;,5212956,matrinchaense,CLAUDIA VALERIA ALVES DE MORAES ARAUJO,1150.894,4351,3.84,97.9,0.679,22.22,19100.484,16687.96856,19805.75,
Mauril&acirc;ndia,5213004,maurilandense,EDJANE ALVES DE ALMEIDA,388.382,14080,29.56,97.5,0.677,45.75,27561.21427,24230.04419,15118.16,
Mimoso de Goi&aacute;s,5213053,mimosense,GENIVALDO GON&Ccedil;ALVES DOS REIS,1386.915,2597,1.94,99.6,0.665,55.56,12151.25344,11945.84525,21656.24,
Mina&ccedil;u,5213087,mina&ccedil;uense,AGENOR FERREIRA NICK BARBOSA,2860.735,29070,10.89,98.6,0.707,16.13,110134.59161,98922.34554,29714.15,
Mineiros,5213103,mineirense,AGENOR RODRIGUES DE REZENDE,9038.775,66801,5.84,97.3,0.718,13.21,264290.15345,222196.12902,38452.56,
Moipor&aacute;,5213400,moiporaense,WOLNEI MOREIRA DA SILVA,454.260,1529,3.83,99.6,0.696,200.00,10936.22605,10323.88071,20931.21,
Monte Alegre de Goi&aacute;s,5213509,monte-alegrense,JUVENAL FERNANDES DE ALMEIDA,3119.808,8606,2.48,95.7,0.615,21.98,18036.98129,15772.50722,9629.97,
Montes Claros de Goi&aacute;s,5213707,montes-clarense,ANTONIO C&Iacute;CERO ALVES,2903.848,8055,2.75,99.6,0.707,17.39,30774.96495,28474.09993,31413.98,
Montividiu,5213756,montividiuense,ADEMIR GUERREIRO BARBOSA,1869.724,13396,5.64,98.4,0.733,11.98,54974.45803,44322.15947,61594.39,
Montividiu do Norte,5213772,montividense,JACIRA MARTINS FERNANDES,1332.996,4479,3.09,96.8,0.613,44.44,17171.37911,14560.63036,15022.68,
Morrinhos,5213806,morrinhense,ROGERIO CARLOS TRONCOSO CHAVES,2846.199,46136,14.57,97.9,0.734,9.48,122103.24314,111624.55443,28084.89,
Morro Agudo de Goi&aacute;s,5213855,morro-agudense,ANATAIR ANTONIO SANTANA,282.616,2248,8.34,99.7,0.695,43.48,14687.1572,12693.61735,16088.83,
Moss&acirc;medes,5213905,mossamedino,CACIO MOREIRA ADORNO,684.452,4290,7.32,99.2,0.706,21.74,22497.32156,22066.79241,17153.12,
Mozarl&acirc;ndia,5214002,mozarlandense,ADALBERTO JOSE FERREIRA,1734.364,15659,7.73,97.5,0.683,22.83,52246.62515,47513.71142,35374.39,
Mundo Novo,5214051,mundo-novense,HELCIO ALVES DE OLIVEIRA,2146.651,4887,3.00,97.7,0.634,13.16,23450.88276,19920.77698,18559.35,
Mutun&oacute;polis,5214101,mutunopolino,JONAS LUIZ GUIMAR&Atilde;ES J&Uacute;NIOR,955.873,3778,4.03,98.7,0.680,15.15,17950.23683,16779.74872,15298.65,
Naz&aacute;rio,5214408,nazarinense,VALTUIR FRANCISCO VIEIRA,281.793,9142,29.26,98.8,0.710,10.87,23743.11891,20899.01344,19712.20,
Ner&oacute;polis,5214507,neropolino,GIL TAVARES,204.217,29850,118.55,97.8,0.721,19.72,102901.18574,88123.75748,26000.07,
Niquel&acirc;ndia,5214606,niquelandense,FERNANDO CARNEIRO DA SILVA,9843.247,46388,4.30,97.8,0.715,8.68,113605.62152,118881.96004,21803.69,
Nova Am&eacute;rica,5214705,nova-americano,EURIPEDES MIGUEL MANSO,212.025,2352,10.65,99.4,0.678,30.30,15126.50,14023.95243,16033.31,
Nova Aurora,5214804,nova-aurorense,VILMAR DIAS CARNEIRO,303.515,2210,6.81,100,0.747,41.67,11985.032,10112.47938,21663.21,
Nova Crix&aacute;s,5214838,nova-crixaense,AILTON JOSE BARRETOS,7302.223,12869,1.63,96.7,0.643,18.29,55279.9089,43067.94032,27720.53,
Nova Gl&oacute;ria,5214861,nova-glorino,CARLOS LUIZ DE OLIVEIRA,412.953,8164,20.60,99.2,0.681,20.41,16063.40208,14253.34866,14672.51,
Nova Igua&ccedil;u de Goi&aacute;s,5214879,nova igua&ccedil;uense,VILCIMAR PEREIRA PINTO,628.444,2929,4.50,96.5,0.655,51.28,13408.22929,11939.55759,13273.09,
Nova Roma,5214903,nova-romano,MIRIAN LEITE S&Atilde;O JOS&Eacute; SAMPAIO,2135.960,3264,1.63,97.9,0.634,27.03,17721.3141,15335.16033,12838.80,
Nova Veneza,5215009,nova-venezino,PATRICIA AMARAL FERNANDES,123.377,9853,65.89,98,0.718,8.93,26015.07044,20753.51401,19017.27,
Novo Brasil,5215207,novo-brasilense,SEBASTIAO MARIA SABINO,653.273,2913,5.41,98.7,0.699,20.41,15273.16958,13708.34089,17771.59,
Novo Gama,5215231,novo-gamense,SONIA CHAVES DE FREITAS CARVALHO NASCIME,194.586,115711,487.29,95.7,0.684,16.98,143800.24012,131809.71982,8377.21,
Novo Planalto,5215256,planaltense,DAVI JOSE DE SOUSA,1242.964,4495,3.18,91.4,0.658,31.25,17240.38263,14488.81269,20343.34,
Orizona,5215306,orizonense,JOAQUIM AUGUSTO MAR&Ccedil;AL,1972.884,15615,7.25,99.2,0.715,10.42,45516.8274,42368.33311,31368.77,
Ouro Verde de Goi&aacute;s,5215405,ouro-verdense,JAIME RICARDO FERREIRA,208.769,3759,19.32,98.8,0.719,19.61,20372.93858,18346.9109,23941.41,
Ouvidor,5215504,ouvidorense,ONOFRE GALDINO PEREIRA J&Uacute;NIOR,413.781,6667,13.21,98.7,0.747,13.33,45861.91119,35501.79392,100768.75,
Padre Bernardo,5215603,padre-bernardense,FRANCISCO DE MOURA TEIXEIRA FILHO,3142.396,33835,8.81,96.1,0.651,19.40,81273.60772,73692.00676,15122.22,
Palestina de Goi&aacute;s,5215652,palestinense,VALDIVINO RODRIGUES BORGES,1320.687,3464,2.55,98.6,0.713,17.54,16033.08436,12239.93725,26104.37,
Palmeiras de Goi&aacute;s,5215702,palmeirense,VANDO VITOR ALVES,1539.692,28858,15.16,96.7,0.698,14.85,83292.22459,72939.11372,35351.07,
Palmelo,5215801,palmelino,ELADIR DE PAULA RIBEIRO,58.959,2381,39.60,97.8,0.730,37.04,14472.8185,12657.8583,14306.75,
Palmin&oacute;polis,5215900,palminopolino,EURIPEDES CUSTODIO BORGES,387.693,3585,9.17,99.6,0.722,23.26,19446.55455,17989.7185,38457.60,
Panam&aacute;,5216007,panamenho,JOSE WILLIAN COELHO DE PAULA,433.817,2615,6.18,98.9,0.686,38.46,14765.11105,12960.44089,32267.47,
Paranaiguara,5216304,paranaiguarense,ADALBERTO DOS SANTOS AMORIM,1153.623,10057,7.89,98.9,0.711,9.62,28999.84083,27545.21416,19880.88,
Para&uacute;na,5216403,paraunense,PAULO JOSE MARTINS,3779.385,10988,2.87,98.8,0.672,6.06,60781.37729,53008.90538,80557.50,
Perol&acirc;ndia,5216452,perolandense,JHONATTA CORTEZ DA SILVA,1029.624,3129,2.87,99.2,0.676,26.32,26834.90214,23138.00588,113852.27,
Petrolina de Goi&aacute;s,5216809,petrolinense,DALTON VIEIRA SANTOS,531.300,10281,19.35,98.3,0.712,12.82,27737.44105,21913.12574,13702.27,
Pilar de Goi&aacute;s,5216908,pilarense,S&Aacute;VIO DE SOUSA SOARES BATISTA,906.643,2253,3.06,98.1,0.684,27.78,21505.76226,21567.89046,67465.84,
Piracanjuba,5217104,piracanjubense,JOAO BARBOSA DE OLIVEIRA,2380.732,24524,9.99,97.8,0.721,24.49,75069.60661,69918.43201,31192.99,
Piranhas,5217203,piranhense,ERIC DE MELO SILVEIRA,2047.765,10385,5.50,98,0.721,8.00,36354.69307,32884.71646,32908.07,
Piren&oacute;polis,5217302,pirenopolino,JO&Atilde;O BATISTA CABRAL,2205.010,24908,10.43,97.8,0.693,10.68,53162.3634,43426.46362,16657.36,
Pires do Rio,5217401,piresino,CLEIDE APARECIDA VELOSO,1073.360,31458,26.80,97.7,0.744,12.23,71572.28737,63285.9614,28693.39,
Planaltina,5217609,planaltinense,ELES REIS DE FREITAS,2550.524,89918,32.10,96.4,0.669,11.14,169336.64405,151930.45698,11448.85,
Pontalina,5217708,pontalinense,MILTON RICARDO DE PAIVA,1436.954,17819,11.91,92.3,0.687,4.83,46505.69347,41806.91795,27794.97,
Porangatu,5218003,porangatuense,PEDRO JOAO FERNANDES,4820.529,45394,8.79,98,0.727,1.77,161783.24893,112149.60063,20344.43,
Porteir&atilde;o,5218052,porteirense,JOS&Eacute; DE SOUSA CUNHA,603.941,3881,5.54,94,0.684,20.83,23975.40916,18395.78246,61070.02,
Portel&acirc;ndia,5218102,portelandense,MANOEL RODRIGUES DE RESENDE,556.576,4011,6.90,97.7,0.654,19.61,18159.27041,15244.60618,53024.92,
Posse,5218300,possense,WILTON BARBOSA DE ANDRADE,2070.544,36900,15.52,95.7,0.659,5.57,80763.38791,72825.23428,13898.77,
Professor Jamil,5218391,jamilense,GERALDO ANTONIO CAVALVANTI,349.419,3223,9.32,98.6,0.684,66.67,12794.29208,12245.49681,17559.41,
Quirin&oacute;polis,5218508,quirinopolino,GILMAR ALVES DA SILVA,3789.084,50065,11.41,97.2,0.740,13.95,148441.62213,119142.31606,34503.39,
Rialma,5218607,rialmense,FREDERICO GON&Ccedil;ALVES VIDIGAL,268.466,10918,39.20,99.7,0.727,6.21,29114.90597,24127.67162,19541.23,
Rian&aacute;polis,5218706,rianapolino,JOS&Eacute; CARLOS LOPES,159.255,4801,28.67,98.6,0.693,14.93,15970.58292,15226.53017,19700.20,
Rio Quente,5218789,rio-quentense,JO&Atilde;O PENA DE PAIVA,243.488,4493,12.94,99,0.731,17.24,35615.70985,30821.86361,74645.15,
Rio Verde,5218805,rio-verdense ou rio-verdino,PAULO FARIA DO VALE,8386.831,235647,21.05,97,0.754,10.98,884294.52009,801466.76216,43761.24,
Rubiataba,5218904,rubiatabense,JOSE LUIZ FERNANDES,748.264,19882,25.28,98.9,0.719,7.69,56040.09328,57425.52323,21106.13,
Sanclerl&acirc;ndia,5219001,sanclerlandense,ITAMAR LE&Atilde;O DO AMARAL,509.213,7637,15.20,99.4,0.736,10.42,23396.93988,21500.2046,17559.94,
Santa B&aacute;rbara de Goi&aacute;s,5219100,santa-barbarense,WAGNER VAZ DA SILVA,138.234,6560,41.20,99.4,0.706,10.75,18982.12532,17525.11327,14111.76,
Santa Cruz de Goi&aacute;s,5219209,santa-cruzano,MATEUS FELIX LOPES,1108.963,2855,2.83,99.3,0.688,38.46,13700.10663,14262.32486,37094.70,
Santa F&eacute; de Goi&aacute;s,5219258,santa-feense,MARIA ERLY DA SILVA SIQUERA,1169.167,5459,4.07,98.7,0.713,12.20,22888.56914,18038.40052,56740.27,
Santa Helena de Goi&aacute;s,5219308,santa-helenense,JOAO ALBERTO VIEIRA RODRIGUES,1141.389,38648,31.95,97.3,0.724,12.66,102609.30335,88658.78281,26559.97,
Santa Isabel,5219357,santa-isabelense,CASSIA SILVIA CAIXETA DOURADO,807.204,3809,4.57,97.2,0.683,24.39,16552.54459,14334.56867,20054.19,
Santa Rita do Araguaia,5219407,santa-ritense,TANIA MARIA TOLEDO SALGUEIRO,1355.782,8756,5.08,94.3,0.714,9.52,18343.98657,15808.28334,16227.24,
Santa Rita do Novo Destino,5219456,santaritense,EDIMAR DE PAULA E SOUZA,956.041,3343,3.32,95.5,0.634,74.07,14696.17683,12881.54236,23453.47,
Santa Rosa de Goi&aacute;s,5219506,santa-rosense,LEILA SILVA CESAR,164.097,2319,17.73,98.2,0.701,76.92,15015.31053,14095.62142,16670.11,
Santa Tereza de Goi&aacute;s,5219605,santerezino,EDSON PALMEIRAS DOS SANTOS,794.556,3355,5.03,95.1,0.665,30.30,15115.41235,14371.42474,16856.43,
Santa Terezinha de Goi&aacute;s,5219704,terezinhense,MARCOS FERREIRA CABRAL,1202.246,8744,8.57,95.8,0.701,14.93,24523.93587,22606.32421,13599.92,
Santo Ant&ocirc;nio da Barra,5219712,santatoniense,SIRLEIDE RAMOS FERREIRA,451.598,4821,9.79,96,0.691,20.83,22113.17487,18064.86634,38355.10,
Santo Ant&ocirc;nio de Goi&aacute;s,5219738,santoantoniense,FREDERICO MARQUES DE OLIVEIRA,132.805,6283,35.41,97.1,0.723,26.67,23916.93087,20387.73178,22647.46,
Santo Ant&ocirc;nio do Descoberto,5219753,descobertense,ADOLPHO ROBERTO SOUZA VON LOHRMANN,945.650,74744,66.99,96.9,0.665,16.10,121004.95253,121025.33471,9088.44,
S&atilde;o Domingos,5219803,dominicano,CLEITON GON&Ccedil;ALVES MARTINS,3334.497,12949,3.42,96.7,0.597,23.81,31682.55324,27082.09046,11755.54,
S&atilde;o Francisco de Goi&aacute;s,5219902,franciscano,WILMAR FERREIRA DA SILVA,415.791,6264,14.72,96.4,0.651,25.97,18235.07145,16019.45708,16119.40,
S&atilde;o Jo&atilde;o d'Alian&ccedil;a,5220009,s&atilde;o-joanense,D&Eacute;BORA DOMINGUES CARVALH&Ecirc;DO BARROS,3327.379,13740,3.08,96,0.685,48.61,54751.50,29872.6511,23653.84,
S&atilde;o Jo&atilde;o da Para&uacute;na,5220058,joanino,JO&Atilde;O BATISTA DE FIGUEREDO NETO,287.825,1381,5.87,98.3,0.724,50.00,14151.8783,12503.72126,31949.42,
S&atilde;o Lu&iacute;s de Montes Belos,5220108,monte-belense,ELDECIRIO DA SILVA,829.463,33817,36.36,99.3,0.731,11.21,90063.83625,79679.44477,25078.30,
S&atilde;o Luiz do Norte,5220157,s&atilde;o-luizense,JACOB FERREIRA,586.057,5167,7.88,98.7,0.669,25.97,22697.28094,18298.08308,21405.70,
S&atilde;o Miguel do Araguaia,5220207,s&atilde;o-miguelense,NELIO PONTES DA CUNHA,6148.795,21993,3.63,96.6,0.664,3.18,67533.26898,69649.77578,21278.54,
S&atilde;o Miguel do Passa Quatro,5220264,passa-quatrense,MARCIO CECILIO CECILIANO,537.785,4057,6.99,98.1,0.697,58.82,18652.02139,15136.46044,33603.77,
S&atilde;o Patr&iacute;cio,5220280,sampatriciense,JOAO EUSTAQUIO CORDEIRO,171.957,2036,11.58,98.6,0.693,-,15143.11888,11991.66492,16816.49,
S&atilde;o Sim&atilde;o,5220405,canalense,WILBER FLORIANO FERREIRA,414.222,20645,41.27,97.3,0.720,17.73,102819.49099,85732.29161,91021.22,
Senador Canedo,5220454,canedense,DIVINO PEREIRA LEMES,248.291,115371,344.27,96.8,0.701,10.12,459400.54381,387549.67884,32066.95,
Serran&oacute;polis,5220504,serranopolino,TARCIO DUTRA,5526.723,8544,1.35,97.1,0.681,12.35,34593.11345,34900.8662,46075.80,
Silv&acirc;nia,5220603,silvaniense,JOSE DA SILVA FALEIRO,2348.990,20695,8.14,97.4,0.709,21.19,58264.37729,57558.15893,33107.30,
Simol&acirc;ndia,5220686,simolandense,ADEMAR ANTONIO DA SILVA,347.976,6856,18.72,97.5,0.645,27.78,19095.36728,16250.97387,14272.95,
S&iacute;tio d'Abadia,5220702,sitiense,WEBER REIS LACERDA,1610.806,2989,1.77,97.6,0.617,45.45,15779.00006,11872.18224,12984.06,
Taquaral de Goi&aacute;s,5221007,taquaralense,HELIO GONTIJO DE OLIVEIRA,204.218,3529,17.34,98.4,0.716,26.32,16473.22308,13549.21347,16884.53,
Teresina de Goi&aacute;s,5221080,teresinense,JOSAQUIM MIRANDA,774.639,3458,3.89,97.2,0.661,41.67,14749.49349,13497.66128,9534.29,
Terez&oacute;polis de Goi&aacute;s,5221197,terezopolino,FRANCISCO ALVES DE SOUSA JUNIOR,106.913,8043,61.37,98.4,0.685,30.53,23858.51389,21050.12775,24626.54,
Tr&ecirc;s Ranchos,5221304,triranchense,HUGO DELEON DE CARVALHO COSTA,282.072,2833,9.99,100,0.745,45.45,18794.27599,16600.1645,16723.62,
Trindade,5221403,trindadense,J&Acirc;NIO CARLOS ALVES FREIRE,710.328,127599,147.02,96.4,0.699,6.11,217742.66521,177346.79616,17024.76,
Trombas,5221452,trombense,AGOSTINHO DA NOBREGA RODRIGUES,799.125,3500,4.32,97.1,0.653,28.57,16117.72522,14285.54934,14843.53,
Turv&acirc;nia,5221502,turvaniense,FAUSTO MARIANO GON&Ccedil;ALVES,478.836,4598,10.06,97.6,0.697,36.36,12719.95651,15087.32368,17118.07,
Turvel&acirc;ndia,5221551,turvelandense,SIRON QUEIROZ DOS SANTOS,935.272,5281,4.71,98.1,0.691,13.16,33861.95067,27503.90207,77387.75,
Uirapuru,5221577,uirapuruense,AILTON NERI DE AMORIM,1153.475,2854,2.54,97.7,0.670,50.00,13600.22567,13235.02211,14982.52,
Urua&ccedil;u,5221601,urua&ccedil;uense,VALMIR PEDRO TEREZA,2141.824,40532,17.24,95.6,0.737,8.50,88886.35049,82794.81802,20083.58,
Uruana,5221700,uruanense,CASSIO GUSMAO DE OLIVEIRA,522.506,13843,26.46,94.9,0.703,6.54,33149.88085,29689.38798,15016.68,
Uruta&iacute;,5221809,uruta&iacute;no,AILTON MARTINS DE OLIVEIRA,626.722,3072,4.90,97.3,0.732,45.45,16027.18166,15952.15574,26741.46,
Valpara&iacute;so de Goi&aacute;s,5221858,valparaisense,PABIO CORREIA LOPES,60.950,168468,2165.48,96.8,0.746,10.90,331983.7696,285683.37097,15626.97,
Varj&atilde;o,5221908,varj&atilde;oense,VALDIVINO MARTINS DA SILVA,519.194,3827,7.05,97.9,0.687,48.78,15937.37358,13251.4306,16545.90,
Vian&oacute;polis,5222005,vianopolino,ISSY QUINAN JUNIOR,954.284,13863,13.15,98.6,0.712,5.10,45423.47574,44429.5618,28942.36,
Vicentin&oacute;polis,5222054,vicentinopolino,NEILTON FERREIRA DE OZEDA,737.255,8743,10.00,99.1,0.684,18.87,35433.16261,29294.84421,41772.71,
Vila Boa,5222203,vilaboense,FELIPE ALVES SANTANA,1060.172,6171,4.47,96,0.647,65.57,19158.83742,19158.83742,23992.38,
Vila Prop&iacute;cio,5222302,propiciense,CIRLEI RODRIGUES DE ARA&Uacute;JO,2181.583,5821,2.36,96.9,0.634,45.45,20688.29806,19046.56296,32016.61,

<table class="fontes-container"><tr><th>Notas:</th></tr><tr><td>Escolariza&ccedil;&atilde;o <span>6 a 14 anos</span>: [popula&ccedil;&atilde;o residente no munic&iacute;pio de 6 a 14 anos de idade matriculada no ensino regular/total de popula&ccedil;&atilde;o residente no munic&iacute;pio de 6 a 14 anos de idade] x 100</td></tr><tr><td>População estimada: Para 'dúvidas e contestações' <a href='https://www.ibge.gov.br/estatisticas/sociais/populacao/9103-estimativas-de-populacao.html'>clique aqui</a></td></tr><tr><th>Fontes:</th></tr><tr><td>Área Territorial: &Aacute;rea territorial brasileira. Rio de Janeiro: IBGE, 2018</td></tr><tr><td>População estimada: IBGE, Diretoria de Pesquisas, Coordena&ccedil;&atilde;o de Popula&ccedil;&atilde;o e Indicadores Sociais, Estimativas da popula&ccedil;&atilde;o residente com data de refer&ecirc;ncia 1o de julho de 2019</td></tr><tr><td>Densidade demogr&aacute;fica: IBGE, Censo Demogr&aacute;fico 2010, &Aacute;rea territorial brasileira. Rio de Janeiro: IBGE, 2011</td></tr><tr><td>Escolariza&ccedil;&atilde;o <span>6 a 14 anos</span>: IBGE, Censo Demogr&aacute;fico 2010</td></tr><tr><td>IDHM <span>&Iacute;ndice de desenvolvimento humano municipal</span>: Programa das Na&ccedil;&otilde;es Unidas para o Desenvolvimento - PNUD</td></tr><tr><td>Mortalidade infantil: Minist&eacute;rio da Sa&uacute;de, Departamento de Inform&aacute;tica do Sistema &Uacute;nico de Sa&uacute;de - DATASUS 2017</td></tr><tr><td>Receitas realizadas: Contas anuais. Receitas or&ccedil;ament&aacute;rias realizadas (Anexo I-C) 2017 e Despesas or&ccedil;ament&aacute;rias empenhadas (Anexo I-D) 2017. In: Brasil. Secretaria do Tesouro Nacional, Siconfi: Sistema de Informa&ccedil;&otilde;es Cont&aacute;beis e Fiscais do Setor P&uacute;blico Brasileiro. Bras&iacute;lia, DF, [2018]. Dispon&iacute;vel em: https://siconfi.tesouro.gov.br/siconfi/pages/public/consulta_finbra/finbra_list.jsf. Acesso em: set. 2018</td></tr><tr><td>Despesas empenhadas: Contas anuais. Receitas or&ccedil;ament&aacute;rias realizadas (Anexo I-C) 2017 e Despesas or&ccedil;ament&aacute;rias empenhadas (Anexo I-D) 2017. In: Brasil. Secretaria do Tesouro Nacional, Siconfi: Sistema de Informa&ccedil;&otilde;es Cont&aacute;beis e Fiscais do Setor P&uacute;blico Brasileiro. Bras&iacute;lia, DF, [2018]. Dispon&iacute;vel em: https://siconfi.tesouro.gov.br/siconfi/pages/public/consulta_finbra/finbra_list.jsf. Acesso em: set. 2018</td></tr><tr><td>PIB per capita: IBGE, em parceria com os &Oacute;rg&atilde;os Estaduais de Estat&iacute;stica, Secretarias Estaduais de Governo e Superintend&ecirc;ncia da Zona Franca de Manaus - SUFRAMA</td></tr></table>